{
  "ndcg@1": 0.0037500000000000003,
  "ndcg@10": 0.014210040430940613,
  "ndcg@20": 0.018851597241183415
}