{
  "ndcg@1": 0.013875000000000002,
  "ndcg@10": 0.10149099463939983,
  "ndcg@20": 0.11805547624321852
}