{
  "ndcg@1": 0.0005,
  "ndcg@10": 0.0017948557430508597,
  "ndcg@20": 0.002422236419869694
}