{
  "hit@1": 0.0005,
  "hit@10": 0.0035,
  "hit@20": 0.005999999999999999,
  "map@1": 0.0005,
  "map@10": 0.0012714285714285716,
  "map@20": 0.0014408338699698996,
  "mrr@1": 0.0,
  "mrr@10": 0.0,
  "mrr@20": 0.0,
  "ndcg@1": 0.0005,
  "ndcg@10": 0.0017948557430508597,
  "ndcg@20": 0.002422236419869694,
  "precision@1": 0.0005,
  "precision@10": 0.00035,
  "precision@20": 0.00030000000000000003,
  "recall@1": 0.0005,
  "recall@10": 0.0035,
  "recall@20": 0.005999999999999999
}