{
  "ndcg@1": 0.0,
  "ndcg@10": 0.000125,
  "ndcg@20": 0.0001539222766449699
}