{
  "hit@1": 0.0,
  "hit@10": 0.00025,
  "hit@20": 0.000375,
  "map@1": 0.0,
  "map@10": 8.333333333333333e-05,
  "map@20": 8.991228070175439e-05,
  "mrr@1": 0.0,
  "mrr@10": 0.0,
  "mrr@20": 0.0,
  "ndcg@1": 0.0,
  "ndcg@10": 0.000125,
  "ndcg@20": 0.0001539222766449699,
  "precision@1": 0.0,
  "precision@10": 2.5e-05,
  "precision@20": 1.8750000000000002e-05,
  "recall@1": 0.0,
  "recall@10": 0.00025,
  "recall@20": 0.000375
}